{"train/global_step":1629,"eval/samples_per_second":43.064,"train/loss":0.9929,"train/grad_norm":0.28757551312446594,"train_runtime":11335.7634,"train/learning_rate":1.148035171014139e-08,"_wandb":{"runtime":11480},"total_flos":3.7254155419055555e+18,"eval/loss":1.1928828954696655,"eval/steps_per_second":5.385,"_timestamp":1.7463890238113186e+09,"train/epoch":2.9950950337216433,"train_samples_per_second":13.81,"train_steps_per_second":0.144,"_step":164,"train_loss":1.107377480845864,"_runtime":11479.532443145,"eval/runtime":134.637}